section,day,period,subject
I ECE-A,Mon,1,Philosophy of Engineering
I ECE-A,Mon,2,Philosophy of Engineering
I ECE-A,Mon,3,Chemistry
I ECE-A,Mon,4,Advanced Calculus & Complex Analysis
I ECE-A,Mon,6,Chemistry Lab
I ECE-A,Mon,7,Chemistry Lab
I ECE-A,Mon,8,Biology
I ECE-A,Mon,9,General Aptitude (CDC)
I ECE-A,Tue,1,Electronic System & PCB Design
I ECE-A,Tue,2,Chemistry
I ECE-A,Tue,3,Advanced Calculus & Complex Analysis
I ECE-A,Tue,4,Programming for Problem Solving
I ECE-A,Tue,6,Workshop
I ECE-A,Tue,7,Workshop
I ECE-A,Tue,8,Workshop
I ECE-A,Tue,9,Workshop
I ECE-A,Wed,1,Chemistry
I ECE-A,Wed,2,Philosophy of Engineering
I ECE-A,Wed,3,Programming for Problem Solving
I ECE-A,Wed,6,PPS Lab
I ECE-A,Wed,7,PPS Lab
I ECE-A,Wed,8,PCB Lab
I ECE-A,Wed,9,PCB Lab
I ECE-A,Thu,1,German
I ECE-A,Thu,2,German
I ECE-A,Thu,3,German
I ECE-A,Thu,4,Advanced Calculus & Complex Analysis
I ECE-A,Thu,6,General Aptitude (CDC)
I ECE-A,Thu,7,General Aptitude (CDC)
I ECE-A,Thu,8,NSS
I ECE-A,Thu,9,NSS
I ECE-A,Fri,1,Programming for Problem Solving
I ECE-A,Fri,2,Advanced Calculus & Complex Analysis
I ECE-A,Fri,3,Electronic System & PCB Design
I ECE-A,Fri,4,Chemistry
I ECE-A,Fri,6,Biology
I ECE-A,Fri,7,German
I ECE-A,Fri,8,German
I ECE-A,Fri,9,German
I ECE-B / EEE,Mon,1,General Aptitude (CDC)
I ECE-B / EEE,Mon,2,Elec. System & PCB (ECE) / Elec. Circuits (EEE)
I ECE-B / EEE,Mon,3,Chemistry Lab
I ECE-B / EEE,Mon,4,Chemistry Lab
I ECE-B / EEE,Mon,6,Philosophy of Engineering
I ECE-B / EEE,Mon,7,Philosophy of Engineering
I ECE-B / EEE,Mon,8,Chemistry
I ECE-B / EEE,Mon,9,Advanced Calculus & Complex Analysis
I ECE-B / EEE,Tue,1,Workshop
I ECE-B / EEE,Tue,2,Workshop
I ECE-B / EEE,Tue,3,Workshop
I ECE-B / EEE,Tue,4,Workshop
I ECE-B / EEE,Tue,6,Biology
I ECE-B / EEE,Tue,7,Chemistry
I ECE-B / EEE,Tue,8,Advanced Calculus & Complex Analysis
I ECE-B / EEE,Tue,9,Programming for Problem Solving
I ECE-B / EEE,Wed,1,Elec. System & PCB (ECE) / Elec. Circuits (EEE)
I ECE-B / EEE,Wed,2,PPS Lab
I ECE-B / EEE,Wed,3,General Aptitude (CDC)
I ECE-B / EEE,Wed,4,General Aptitude (CDC)
I ECE-B / EEE,Wed,5,PPS Lab
I ECE-B / EEE,Wed,7,Chemistry
I ECE-B / EEE,Wed,8,Philosophy of Engineering
I ECE-B / EEE,Wed,9,Programming for Problem Solving
I ECE-B / EEE,Thu,1,NSS
I ECE-B / EEE,Thu,2,NSS
I ECE-B / EEE,Thu,3,Biology
I ECE-B / EEE,Thu,4,Advanced Calculus & Complex Analysis
I ECE-B / EEE,Thu,6,Programming for Problem Solving
I ECE-B / EEE,Thu,7,German
I ECE-B / EEE,Thu,8,German
I ECE-B / EEE,Thu,9,German
I ECE-B / EEE,Fri,1,PCB / EC Lab
I ECE-B / EEE,Fri,2,PCB / EC Lab
I ECE-B / EEE,Fri,4,German
I ECE-B / EEE,Fri,5,German
I ECE-B / EEE,Fri,6,German
I ECE-B / EEE,Fri,8,Chemistry
I ECE-B / EEE,Fri,9,Advanced Calculus & Complex Analysis
I ECE-DS,Mon,1,Biology
I ECE-DS,Mon,2,General Aptitude (CDC)
I ECE-DS,Mon,3,PCB Lab
I ECE-DS,Mon,4,PCB Lab
I ECE-DS,Mon,6,Philosophy of Engineering
I ECE-DS,Mon,7,Philosophy of Engineering
I ECE-DS,Mon,8,Chemistry
I ECE-DS,Mon,9,Advanced Calculus & Complex Analysis
I ECE-DS,Tue,1,Chemistry Lab
I ECE-DS,Tue,2,Chemistry Lab
I ECE-DS,Tue,3,NSS
I ECE-DS,Tue,4,NSS
I ECE-DS,Tue,6,Electronic System & PCB Design
I ECE-DS,Tue,7,Chemistry
I ECE-DS,Tue,8,Advanced Calculus & Complex Analysis
I ECE-DS,Tue,9,Programming for Problem Solving
I ECE-DS,Wed,1,General Aptitude (CDC)
I ECE-DS,Wed,2,General Aptitude (CDC)
I ECE-DS,Wed,3,Advanced Calculus & Complex Analysis
I ECE-DS,Wed,5,PPS Lab
I ECE-DS,Wed,6,PPS Lab
I ECE-DS,Wed,7,Chemistry
I ECE-DS,Wed,8,Philosophy of Engineering
I ECE-DS,Wed,9,Programming for Problem Solving
I ECE-DS,Thu,1,Biology
I ECE-DS,Thu,2,Advanced Calculus & Complex Analysis
I ECE-DS,Thu,3,Programming for Problem Solving
I ECE-DS,Thu,4,German
I ECE-DS,Thu,5,German
I ECE-DS,Thu,6,German
I ECE-DS,Thu,8,Electronic System & PCB Design
I ECE-DS,Thu,9,Chemistry
I ECE-DS,Fri,1,German
I ECE-DS,Fri,2,German
I ECE-DS,Fri,3,German
I ECE-DS,Fri,6,Workshop
I ECE-DS,Fri,7,Workshop
I ECE-DS,Fri,8,Workshop
I ECE-DS,Fri,9,Workshop
I Biotech-B,Mon,1,Cell Biology
I Biotech-B,Mon,2,Yoga (Physical & Mental Health)
I Biotech-B,Mon,3,Yoga (Physical & Mental Health)
I Biotech-B,Mon,4,Biochemistry
I Biotech-B,Mon,6,Philosophy of Engineering
I Biotech-B,Mon,7,Philosophy of Engineering
I Biotech-B,Mon,8,Advanced Calculus & Complex Analysis
I Biotech-B,Mon,9,Chemistry
I Biotech-B,Tue,1,General Aptitude (CDC)
I Biotech-B,Tue,2,General Aptitude (CDC)
I Biotech-B,Tue,3,Cell Biology
I Biotech-B,Tue,4,Biochemistry
I Biotech-B,Tue,7,Chemistry
I Biotech-B,Tue,8,Advanced Calculus & Complex Analysis
I Biotech-B,Tue,9,Programming for Problem Solving
I Biotech-B,Wed,1,Workshop
I Biotech-B,Wed,2,Workshop
I Biotech-B,Wed,3,Workshop
I Biotech-B,Wed,4,Workshop
I Biotech-B,Wed,6,Programming for Problem Solving
I Biotech-B,Wed,7,Chemistry
I Biotech-B,Wed,8,Philosophy of Engineering
I Biotech-B,Wed,9,Programming for Problem Solving
I Biotech-B,Thu,1,Chemistry Lab
I Biotech-B,Thu,2,Chemistry Lab
I Biotech-B,Thu,3,Advanced Calculus & Complex Analysis
I Biotech-B,Thu,4,Cell Biology
I Biotech-B,Thu,6,Chemistry
I Biotech-B,Thu,7,Japanese
I Biotech-B,Thu,8,Japanese
I Biotech-B,Thu,9,Japanese
I Biotech-B,Fri,1,Biochemistry
I Biotech-B,Fri,2,General Aptitude (CDC)
I Biotech-B,Fri,3,Advanced Calculus & Complex Analysis
I Biotech-B,Fri,4,Japanese
I Biotech-B,Fri,5,Japanese
I Biotech-B,Fri,6,Japanese
I Biotech-B,Fri,8,PPS Lab
I Biotech-B,Fri,9,PPS Lab
I Biomed (Biotech-B sheet),Mon,2,Yoga (Physical & Mental Health)
I Biomed (Biotech-B sheet),Mon,3,Yoga (Physical & Mental Health)
I Biomed (Biotech-B sheet),Mon,4,Human Physiology & Anatomy
I Biomed (Biotech-B sheet),Mon,6,Philosophy of Engineering
I Biomed (Biotech-B sheet),Mon,7,Philosophy of Engineering
I Biomed (Biotech-B sheet),Mon,8,Advanced Calculus & Complex Analysis
I Biomed (Biotech-B sheet),Mon,9,Chemistry
I Biomed (Biotech-B sheet),Tue,1,General Aptitude (CDC)
I Biomed (Biotech-B sheet),Tue,2,General Aptitude (CDC)
I Biomed (Biotech-B sheet),Tue,7,Chemistry
I Biomed (Biotech-B sheet),Tue,8,Advanced Calculus & Complex Analysis
I Biomed (Biotech-B sheet),Tue,9,Programming for Problem Solving
I Biomed (Biotech-B sheet),Wed,1,Workshop
I Biomed (Biotech-B sheet),Wed,2,Workshop
I Biomed (Biotech-B sheet),Wed,3,Workshop
I Biomed (Biotech-B sheet),Wed,4,Workshop
I Biomed (Biotech-B sheet),Wed,6,Programming for Problem Solving
I Biomed (Biotech-B sheet),Wed,7,Chemistry
I Biomed (Biotech-B sheet),Wed,8,Philosophy of Engineering
I Biomed (Biotech-B sheet),Wed,9,Programming for Problem Solving
I Biomed (Biotech-B sheet),Thu,1,Chemistry Lab
I Biomed (Biotech-B sheet),Thu,2,Chemistry Lab
I Biomed (Biotech-B sheet),Thu,3,Advanced Calculus & Complex Analysis
I Biomed (Biotech-B sheet),Thu,4,Human Physiology & Anatomy
I Biomed (Biotech-B sheet),Thu,6,Chemistry
I Biomed (Biotech-B sheet),Thu,7,Japanese
I Biomed (Biotech-B sheet),Thu,8,Japanese
I Biomed (Biotech-B sheet),Thu,9,Japanese
I Biomed (Biotech-B sheet),Fri,2,General Aptitude (CDC)
I Biomed (Biotech-B sheet),Fri,3,Advanced Calculus & Complex Analysis
I Biomed (Biotech-B sheet),Fri,4,Japanese
I Biomed (Biotech-B sheet),Fri,5,Japanese
I Biomed (Biotech-B sheet),Fri,6,Japanese
I Biomed (Biotech-B sheet),Fri,8,PPS Lab
I Biomed (Biotech-B sheet),Fri,9,PPS Lab
II BME,Mon,1,Medical Physics
II BME,Mon,2,Electric & Electronic Circuits
II BME,Mon,3,Social Engineering
II BME,Mon,4,Social Engineering
II BME,Mon,6,DLMS/EEC Lab
II BME,Mon,7,DLMS/EEC Lab
II BME,Tue,1,Electric & Electronic Circuits
II BME,Tue,2,Medical Physics
II BME,Tue,3,Biomedical Signals & Systems
II BME,Tue,4,Transforms & Boundary Value Problems
II BME,Tue,6,Verbal Reasoning
II BME,Tue,7,Verbal Reasoning
II BME,Wed,1,Biomedical Signals & Systems
II BME,Wed,2,Digital Logic for Medical Systems
II BME,Wed,3,Transforms & Boundary Value Problems
II BME,Wed,6,Verbal Reasoning
II BME,Wed,7,Universal Human Values-II
II BME,Thu,1,Transforms & Boundary Value Problems
II BME,Thu,2,Medical Physics
II BME,Thu,3,Biomedical Signals & Systems
II BME,Thu,4,Digital Logic for Medical Systems
II BME,Thu,8,DLMS/EEC Lab
II BME,Thu,9,DLMS/EEC Lab
II BME,Fri,1,Professional Ethics
II BME,Fri,2,Transforms & Boundary Value Problems
II BME,Fri,3,Electric & Electronic Circuits
II BME,Fri,4,Digital Logic for Medical Systems
II BME,Fri,8,Universal Human Values-II
II BME,Fri,9,Universal Human Values-II
II ECE-DS A,Mon,1,Electromagnetic Theory & Interference
II ECE-DS A,Mon,2,Transforms & Boundary Value Problems
II ECE-DS A,Mon,3,Social Engineering
II ECE-DS A,Mon,4,Social Engineering
II ECE-DS A,Mon,6,Universal Human Values-II
II ECE-DS A,Mon,7,Universal Human Values-II
II ECE-DS A,Mon,8,Devices & Digital IC Lab
II ECE-DS A,Mon,9,Devices & Digital IC Lab
II ECE-DS A,Tue,1,Computer Organization & Architecture
II ECE-DS A,Tue,2,Transforms & Boundary Value Problems
II ECE-DS A,Tue,3,Electromagnetic Theory & Interference
II ECE-DS A,Tue,4,Digital Logic Design
II ECE-DS A,Tue,6,Universal Human Values-II
II ECE-DS A,Tue,8,Verbal Reasoning
II ECE-DS A,Tue,9,Verbal Reasoning
II ECE-DS A,Wed,1,Transforms & Boundary Value Problems
II ECE-DS A,Wed,2,Solid State Devices
II ECE-DS A,Wed,3,Computer Organization & Architecture
II ECE-DS A,Wed,4,Digital Logic Design
II ECE-DS A,Wed,7,Verbal Reasoning
II ECE-DS A,Thu,1,Solid State Devices
II ECE-DS A,Thu,2,Computer Organization & Architecture
II ECE-DS A,Thu,3,Transforms & Boundary Value Problems
II ECE-DS A,Thu,4,Professional Ethics
II ECE-DS A,Thu,6,Devices & Digital IC Lab
II ECE-DS A,Thu,7,Devices & Digital IC Lab
II ECE-DS A,Fri,1,Digital Logic Design
II ECE-DS A,Fri,2,Solid State Devices
II ECE-DS A,Fri,3,Electromagnetic Theory & Interference
II ECE-DS A,Fri,4,Computer Organization & Architecture
II ECE-DS B,Mon,3,Devices & Digital IC Lab
II ECE-DS B,Mon,4,Devices & Digital IC Lab
II ECE-DS B,Mon,6,Digital Logic Design
II ECE-DS B,Mon,7,Solid State Devices
II ECE-DS B,Mon,8,Computer Organization & Architecture
II ECE-DS B,Mon,9,Social Engineering
II ECE-DS B,Tue,1,Devices & Digital IC Lab
II ECE-DS B,Tue,2,Devices & Digital IC Lab
II ECE-DS B,Tue,6,Computer Organization & Architecture
II ECE-DS B,Tue,7,Digital Logic Design
II ECE-DS B,Tue,8,Electromagnetic Theory & Interference
II ECE-DS B,Tue,9,Transforms & Boundary Value Problems
II ECE-DS B,Wed,1,Universal Human Values-II
II ECE-DS B,Wed,6,Social Engineering
II ECE-DS B,Wed,7,Electromagnetic Theory & Interference
II ECE-DS B,Wed,8,Transforms & Boundary Value Problems
II ECE-DS B,Wed,9,Digital Logic Design
II ECE-DS B,Thu,1,Universal Human Values-II
II ECE-DS B,Thu,2,Universal Human Values-II
II ECE-DS B,Thu,3,Verbal Reasoning
II ECE-DS B,Thu,4,Verbal Reasoning
II ECE-DS B,Thu,6,Transforms & Boundary Value Problems
II ECE-DS B,Thu,7,Computer Organization & Architecture
II ECE-DS B,Thu,8,Solid State Devices
II ECE-DS B,Thu,9,Electromagnetic Theory & Interference
II ECE-DS B,Fri,1,Verbal Reasoning
II ECE-DS B,Fri,6,Professional Ethics
II ECE-DS B,Fri,7,Transforms & Boundary Value Problems
II ECE-DS B,Fri,8,Solid State Devices
II ECE-DS B,Fri,9,Computer Organization & Architecture
III BME,Mon,1,Analytical & Logical Thinking Skills
III BME,Mon,2,Analytical & Logical Thinking Skills
III BME,Mon,3,Microcontroller Lab (MPMC)
III BME,Mon,4,Microcontroller Lab (MPMC)
III BME,Mon,6,Modern Wireless Communication
III BME,Mon,7,Microcontrollers & Applications in Medicine
III BME,Mon,8,Principles of Medical Imaging
III BME,Mon,9,Indian Art Form
III BME,Tue,1,Bio DSP Lab
III BME,Tue,2,Bio DSP Lab
III BME,Tue,3,Analytical & Logical Thinking Skills
III BME,Tue,6,Biomedical Signal Processing
III BME,Tue,7,Biometrics
III BME,Tue,8,Probability & Statistics
III BME,Tue,9,Microcontrollers & Applications in Medicine
III BME,Wed,6,Biomedical Signal Processing
III BME,Wed,7,Probability & Statistics
III BME,Wed,8,Principles of Medical Imaging
III BME,Wed,9,Biometrics
III BME,Thu,4,Community Connect
III BME,Thu,6,Probability & Statistics
III BME,Thu,7,Biomedical Signal Processing
III BME,Thu,8,Modern Wireless Communication
III BME,Thu,9,Microcontrollers & Applications in Medicine
III BME,Fri,1,Community Connect
III BME,Fri,6,Principles of Medical Imaging
III BME,Fri,7,Probability & Statistics
III BME,Fri,8,Biometrics
III BME,Fri,9,Modern Wireless Communication
III ECE-A,Mon,1,Machine Learning for All
III ECE-A,Mon,2,Microprocessor & Microcontroller
III ECE-A,Mon,3,Microprocessor & Microcontroller
III ECE-A,Mon,4,Discrete Mathematics
III ECE-A,Mon,6,Analytical & Logical Thinking Skills
III ECE-A,Mon,7,Analytical & Logical Thinking Skills
III ECE-A,Tue,1,Indian Art Form
III ECE-A,Tue,2,System & Network on Chip
III ECE-A,Tue,3,Microprocessor & Microcontroller
III ECE-A,Tue,4,Microprocessor Project
III ECE-A,Tue,7,Analytical & Logical Thinking Skills
III ECE-A,Wed,1,VLSI Design & Technology
III ECE-A,Wed,2,Discrete Mathematics
III ECE-A,Wed,3,System & Network on Chip
III ECE-A,Wed,4,Community Connect
III ECE-A,Wed,8,VLSI / Microprocessor Lab
III ECE-A,Wed,9,VLSI / Microprocessor Lab
III ECE-A,Thu,1,Discrete Mathematics
III ECE-A,Thu,2,Machine Learning for All
III ECE-A,Thu,3,VLSI Design & Technology
III ECE-A,Thu,4,Community Connect
III ECE-A,Fri,1,System & Network on Chip
III ECE-A,Fri,2,Discrete Mathematics
III ECE-A,Fri,3,Machine Learning for All
III ECE-A,Fri,4,VLSI Design & Technology
III ECE-A,Fri,6,VLSI / Microprocessor Lab
III ECE-A,Fri,7,VLSI / Microprocessor Lab
III ECE-B,Mon,1,VLSI / Microprocessor Lab
III ECE-B,Mon,2,VLSI / Microprocessor Lab
III ECE-B,Mon,6,Machine Learning for All
III ECE-B,Mon,7,Microprocessor & Microcontroller
III ECE-B,Mon,8,Discrete Mathematics
III ECE-B,Mon,9,System & Network on Chip
III ECE-B,Tue,1,Analytical & Logical Thinking Skills
III ECE-B,Tue,2,Analytical & Logical Thinking Skills
III ECE-B,Tue,6,Community Connect
III ECE-B,Tue,7,Microprocessor & Microcontroller
III ECE-B,Tue,8,System & Network on Chip
III ECE-B,Tue,9,VLSI Design & Technology
III ECE-B,Wed,1,Analytical & Logical Thinking Skills
III ECE-B,Wed,6,Microprocessor Project
III ECE-B,Wed,7,Microprocessor & Microcontroller
III ECE-B,Wed,8,Discrete Mathematics
III ECE-B,Wed,9,Indian Art Form
III ECE-B,Thu,1,VLSI / Microprocessor Lab
III ECE-B,Thu,2,VLSI / Microprocessor Lab
III ECE-B,Thu,6,Discrete Mathematics
III ECE-B,Thu,7,VLSI Design & Technology
III ECE-B,Thu,8,Machine Learning for All
III ECE-B,Thu,9,Community Connect
III ECE-B,Fri,6,VLSI Design & Technology
III ECE-B,Fri,7,Discrete Mathematics
III ECE-B,Fri,8,Machine Learning for All
III ECE-B,Fri,9,System & Network on Chip
III ECE-DS,Mon,1,Database Design & Management
III ECE-DS,Mon,2,Microprocessor & Microcontroller
III ECE-DS,Mon,3,VLSI Design & Technology
III ECE-DS,Mon,4,Discrete Mathematics
III ECE-DS,Tue,1,VLSI Design & Technology
III ECE-DS,Tue,2,Microprocessor & Microcontroller
III ECE-DS,Tue,3,Machine Learning for All
III ECE-DS,Tue,4,Community Connect
III ECE-DS,Tue,6,VLSI / Microprocessor Lab
III ECE-DS,Tue,7,VLSI / Microprocessor Lab
III ECE-DS,Wed,1,Indian Art Form
III ECE-DS,Wed,2,Microprocessor & Microcontroller
III ECE-DS,Wed,3,Discrete Mathematics
III ECE-DS,Wed,4,VLSI Design & Technology
III ECE-DS,Wed,8,Analytical & Logical Thinking Skills
III ECE-DS,Wed,9,Analytical & Logical Thinking Skills
III ECE-DS,Thu,1,Discrete Mathematics
III ECE-DS,Thu,2,Machine Learning for All
III ECE-DS,Thu,3,Database Design & Management
III ECE-DS,Thu,4,Community Connect
III ECE-DS,Fri,1,Machine Learning for All
III ECE-DS,Fri,2,Discrete Mathematics
III ECE-DS,Fri,3,Database Design & Management
III ECE-DS,Fri,4,Microprocessor Project
III ECE-DS,Fri,6,Analytical & Logical Thinking Skills
III ECE-DS,Fri,8,VLSI / Microprocessor Lab
III ECE-DS,Fri,9,VLSI / Microprocessor Lab
IV ECE-A,Mon,1,Computer Communication & Network Security
IV ECE-A,Mon,3,Behavioural Psychology
IV ECE-A,Mon,4,Semiconductor Memory Design
IV ECE-A,Tue,1,Computer Communication & Network Security
IV ECE-A,Tue,2,Semiconductor Memory Design
IV ECE-A,Tue,3,Wireless Communication & Antenna Systems
IV ECE-A,Tue,4,Machine Learning for All
IV ECE-A,Wed,1,Wireless Communication & Antenna Systems
IV ECE-A,Wed,2,Computer Communication & Network Security
IV ECE-A,Wed,3,Scripting Language for EDA
IV ECE-A,Wed,4,Machine Learning for All
IV ECE-A,Thu,1,Machine Learning for All
IV ECE-A,Thu,2,Behavioural Psychology
IV ECE-A,Thu,3,Scripting Language for EDA
IV ECE-A,Thu,4,Wireless Communication & Antenna Systems
IV ECE-A,Fri,1,Computer Communication & Network Security
IV ECE-A,Fri,2,Behavioural Psychology
IV ECE-A,Fri,3,Semiconductor Memory Design
IV ECE-A,Fri,4,Scripting Language for EDA
IV ECE-B,Mon,1,Computer Communication & Network Security
IV ECE-B,Mon,2,Behavioural Psychology
IV ECE-B,Mon,3,Scripting Language for EDA
IV ECE-B,Mon,4,Machine Learning for All
IV ECE-B,Tue,1,Computer Communication & Network Security
IV ECE-B,Tue,2,Scripting Language for EDA
IV ECE-B,Tue,3,Machine Learning for All
IV ECE-B,Tue,4,Wireless Communication & Antenna Systems
IV ECE-B,Wed,1,Computer Communication & Network Security
IV ECE-B,Wed,2,Semiconductor Memory Design
IV ECE-B,Wed,3,Behavioural Psychology
IV ECE-B,Wed,4,Wireless Communication & Antenna Systems
IV ECE-B,Thu,1,Semiconductor Memory Design
IV ECE-B,Thu,2,Wireless Communication & Antenna Systems
IV ECE-B,Thu,3,Computer Communication & Network Security
IV ECE-B,Thu,4,Behavioural Psychology
IV ECE-B,Fri,1,Scripting Language for EDA
IV ECE-B,Fri,2,Semiconductor Memory Design
IV ECE-B,Fri,3,Machine Learning for All
